<configuration>

    <appender name="JSON" class="ch.qos.logback.core.ConsoleAppender">
        <encoder class="ch.qos.logback.core.encoder.LayoutWrappingEncoder">
            <layout class="ch.qos.logback.contrib.json.classic.JsonLayout">
                <timestampFormat>yyyy-MM-dd'T'HH:mm:ss.SSSX</timestampFormat>
                <timestampFormatTimezoneId>Etc/UTC</timestampFormatTimezoneId>
                <jsonFormatter class="ch.qos.logback.contrib.jackson.JacksonJsonFormatter"/>
                <appendLineSeparator>true</appendLineSeparator>
            </layout>
        </encoder>
    </appender>

    <logger name="org.forgerock.openam.cors" level="WARN">
        <appender-ref ref="JSON" />
    </logger>

    <logger name="org.forgerock.openam.core.rest.authn.http.AuthenticationServiceV2" level="WARN">
        <appender-ref ref="JSON" />
    </logger>

    <logger name="org.forgerock.am.iot" level="DEBUG">
        <appender-ref ref="JSON" />
    </logger>

    <root level="WARN">
        <appender-ref ref="JSON" />
    </root>
</configuration>