<?xml version="1.0" encoding="UTF-8"?>
<addon id="plugin.iot.authenticate" version="1.0.0" name="IdenTV authenticator" provider-name="IdentIT">
  <requires>
    <import addon="xbmc.python" version="3.0.0"/>
  </requires>
  <extension point="xbmc.python.script" library="main.py">
    <provides>executable</provides>
  </extension>
  <extension point="xbmc.addon.metadata">
    <summary lang="en">IoT addon to authenticate device</summary>
    <description lang="en_GB">This addon wil run a go script to retrieve a device user token</description>
    <icon>icon.png</icon>
    <fanart>fanart.jpg</fanart>
    <news>Version 1</news>
  </extension>
</addon>
