{
  "metadata" : {
    "realm" : "/",
    "entityType" : "authenticationTreesService",
    "entityId" : "default/UsrPwdThings",
    "uid" : "ou=UsrPwdThings,ou=default,ou=OrganizationConfig,ou=1.0,ou=authenticationTreesService,ou=services,ou=am-config",
    "sunServiceID" : "tree",
    "objectClass" : [ "top", "sunServiceComponent" ],
    "pathParams" : { },
    "ou" : [ "UsrPwdThings" ]
  },
  "data" : {
    "_id" : "default/UsrPwdThings",
    "_type" : {
      "_id" : "authenticationTreesService",
      "name" : "authenticationTreesService",
      "collection" : false
    },
    "entryNodeId" : "a9a76d29-5267-4ef7-8f01-b25f6e69b45e",
    "staticNodes" : {
      "startNode" : {
        "x" : 50,
        "y" : 58.5
      },
      "70e691a5-1e33-4ac3-a356-e7b6d60d92e0" : {
        "x" : 721,
        "y" : 21
      },
      "e301438c-0bd0-429c-ab0c-66126501069a" : {
        "x" : 724,
        "y" : 95
      }
    },
    "uiConfig" : { },
    "nodes" : {
      "a9a76d29-5267-4ef7-8f01-b25f6e69b45e" : {
        "displayName" : "Username Collector",
        "nodeType" : "UsernameCollectorNode",
        "x" : 152.0833282470703,
        "y" : 58.5,
        "connections" : {
          "outcome" : "5e325c55-f08e-4751-bb16-88a530e8c73e"
        }
      },
      "5e325c55-f08e-4751-bb16-88a530e8c73e" : {
        "displayName" : "Password Collector",
        "nodeType" : "PasswordCollectorNode",
        "x" : 348.76666259765625,
        "y" : 58.5,
        "connections" : {
          "outcome" : "fa16d188-0240-4699-8e7d-bc0e2a1ae040"
        }
      },
      "fa16d188-0240-4699-8e7d-bc0e2a1ae040" : {
        "displayName" : "Data Store Decision",
        "nodeType" : "DataStoreDecisionNode",
        "x" : 543.0999908447266,
        "y" : 35.849998474121094,
        "connections" : {
          "true" : "70e691a5-1e33-4ac3-a356-e7b6d60d92e0",
          "false" : "e301438c-0bd0-429c-ab0c-66126501069a"
        }
      }
    }
  }
}