<?xml version="1.0" encoding="UTF-8"?>
<addon id="plugin.video.server" version="1.0.0" name="IdenTV Kodi Video Plugin" provider-name="IdentIT">
  <requires>
    <import addon="xbmc.python" version="3.0.0"/>
  </requires>
  <extension point="xbmc.python.pluginsource" library="main.py">
    <provides>video</provides>
  </extension>
  <extension point="xbmc.addon.metadata">
    <summary lang="en">Kodi Video Server Plugin</summary>
    <description lang="en_GB">A video server plugin for Kodi mediacenter.</description>
    <icon>icon.png</icon>
    <fanart>fanart.jpg</fanart>
    <news>Version 1</news>
  </extension>
</addon>
