{
  "metadata" : {
    "realm" : null,
    "entityType" : "IotAuthenticationNode",
    "entityId" : "GlobalConfig",
    "uid" : "ou=GlobalConfig,ou=1.0,ou=IotAuthenticationNode,ou=services,ou=am-config",
    "sunServiceID" : null,
    "objectClass" : [ "top", "organizationalunit" ],
    "pathParams" : { },
    "ou" : null
  },
  "data" : {
    "_id" : "GlobalConfig",
    "_type" : {
      "_id" : "IotAuthenticationNode",
      "name" : "IotAuthenticationNode",
      "collection" : false
    }
  }
}