{
  "metadata" : {
    "realm" : "/",
    "entityType" : "IotAuthenticationNode",
    "entityId" : "PluginConfig",
    "uid" : "ou=PluginConfig,ou=1.0,ou=IotAuthenticationNode,ou=services,ou=am-config",
    "sunServiceID" : null,
    "objectClass" : [ "top", "sunServiceComponent" ],
    "pathParams" : { },
    "ou" : null
  },
  "data" : {
    "_id" : "PluginConfig",
    "_type" : {
      "_id" : "IotAuthenticationNode",
      "name" : "IotAuthenticationNode",
      "collection" : false
    }
  }
}