{
    "mappings" : [
        {
            "target" : "managed/thing",
            "source" : "system/AWSIoTRegistry/THINGS",
            "name" : "systemAwsiotregistryTHINGS_managedThing",
            "displayName" : "systemAwsiotregistryTHINGS_managedThing",
            "properties" : [
                {
                    "target" : "_id",
                    "source" : "__UID__"
                },
                {
                    "target" : "uid",
                    "source" : "__UID__"
                },
                {
                    "target" : "cn",
                    "source" : "__NAME__"
                },
                {
                    "target" : "sn",
                    "source" : "__NAME__"
                },
                {
                    "target" : "thingType",
                    "source" : "thingType"
                },
                {
                    "target" : "thingConfig",
                    "source" : "thingConfig"
                }
            ],
            "policies" : [
                {
                    "action" : "ASYNC",
                    "situation" : "AMBIGUOUS"
                },
                {
                    "action" : "ASYNC",
                    "situation" : "SOURCE_MISSING"
                },
                {
                    "action" : "CREATE",
                    "situation" : "MISSING"
                },
                {
                    "action" : "ASYNC",
                    "situation" : "FOUND_ALREADY_LINKED"
                },
                {
                    "action" : "ASYNC",
                    "situation" : "UNQUALIFIED"
                },
                {
                    "action" : "ASYNC",
                    "situation" : "UNASSIGNED"
                },
                {
                    "action" : "ASYNC",
                    "situation" : "LINK_ONLY"
                },
                {
                    "action" : "ASYNC",
                    "situation" : "TARGET_IGNORED"
                },
                {
                    "action" : "ASYNC",
                    "situation" : "SOURCE_IGNORED"
                },
                {
                    "action" : "ASYNC",
                    "situation" : "ALL_GONE"
                },
                {
                    "action" : "UPDATE",
                    "situation" : "CONFIRMED"
                },
                {
                    "action" : "ASYNC",
                    "situation" : "FOUND"
                },
                {
                    "action" : "CREATE",
                    "situation" : "ABSENT"
                }
            ]
        },
        {
            "target" : "system/AWSIoTRegistry/THINGS",
            "source" : "managed/thing",
            "name" : "managedThing_systemAwsiotregistryTHINGS",
            "consentRequired" : false,
            "icon" : null,
            "displayName" : "managedThing_systemAwsiotregistryTHINGS",
            "properties" : [
                {
                    "source" : "uid",
                    "target" : "__UID__"
                },
                {
                    "source" : "thingConfig",
                    "target" : "thingConfig"
                }
            ],
            "policies" : [
                {
                    "action" : "EXCEPTION",
                    "situation" : "AMBIGUOUS"
                },
                {
                    "action" : "EXCEPTION",
                    "situation" : "SOURCE_MISSING"
                },
                {
                    "action" : "EXCEPTION",
                    "situation" : "MISSING"
                },
                {
                    "action" : "EXCEPTION",
                    "situation" : "FOUND_ALREADY_LINKED"
                },
                {
                    "action" : "DELETE",
                    "situation" : "UNQUALIFIED"
                },
                {
                    "action" : "EXCEPTION",
                    "situation" : "UNASSIGNED"
                },
                {
                    "action" : "EXCEPTION",
                    "situation" : "LINK_ONLY"
                },
                {
                    "action" : "IGNORE",
                    "situation" : "TARGET_IGNORED"
                },
                {
                    "action" : "IGNORE",
                    "situation" : "SOURCE_IGNORED"
                },
                {
                    "action" : "IGNORE",
                    "situation" : "ALL_GONE"
                },
                {
                    "action" : "UPDATE",
                    "situation" : "CONFIRMED"
                },
                {
                    "action" : "UPDATE",
                    "situation" : "FOUND"
                },
                {
                    "action" : "EXCEPTION",
                    "situation" : "ABSENT"
                }
            ],
            "links" : "systemAwsiotregistryTHINGS_managedThing"
        }
    ]
}