{
  "metadata" : {
    "realm" : "/",
    "entityType" : "UsernameCollectorNode",
    "entityId" : "default/a9a76d29-5267-4ef7-8f01-b25f6e69b45e",
    "uid" : "ou=a9a76d29-5267-4ef7-8f01-b25f6e69b45e,ou=default,ou=OrganizationConfig,ou=1.0,ou=UsernameCollectorNode,ou=services,ou=am-config",
    "sunServiceID" : "instance",
    "objectClass" : [ "top", "sunServiceComponent" ],
    "pathParams" : { },
    "ou" : null
  },
  "data" : {
    "_id" : "default/a9a76d29-5267-4ef7-8f01-b25f6e69b45e",
    "_type" : {
      "_id" : "UsernameCollectorNode",
      "name" : "UsernameCollectorNode",
      "collection" : false
    }
  }
}